rule,category,s,h:m:s,max_rss,max_vms,max_uss,max_pss,io_in,io_out,mean_load,cpu_time
a_vs_a_1000_t4,threads,733.0649,0:12:13,3886.05,108945.02,3942.27,3950.08,3749.53,15.59,270.58,1990.67
a_vs_a_1000_t8,threads,303.2676,0:05:03,4837.00,109829.46,4863.61,4871.24,0.00,15.81,655.24,1994.52
a_vs_a_1000_t16,threads,207.2722,0:03:27,6174.14,111225.41,5990.05,5995.92,0.00,15.97,982.68,2045.74
a_vs_a_1000_t24,threads,178.8127,0:02:58,6173.59,111475.59,6194.60,6202.19,3778.86,15.94,1150.48,2064.78
a_vs_a_1000_t32,threads,147.9362,0:02:27,6964.13,112736.91,6919.66,6927.51,0.00,15.95,1455.57,2160.44
a_vs_a_1000_t40,threads,169.6480,0:02:49,7708.29,114132.18,8173.73,8181.44,0.00,15.95,1372.93,2336.34
a_vs_a_1000_t48,threads,156.4505,0:02:36,10177.23,116002.21,9322.60,9330.31,0.00,15.95,1567.44,2459.97
a_vs_a_1000_t56,threads,147.6332,0:02:27,9132.34,115256.98,9142.11,9149.85,0.00,15.95,1759.18,2604.94
a_vs_a_1000_t64,threads,153.6803,0:02:33,10745.00,116724.67,10459.33,10467.10,0.00,15.95,1720.84,2651.84
